place,address,location,latitude,longitude,why_visit,visitor_info,best_time,tips
Chamarel Seven Colored Earth,Chamarel Road,Chamarel,-20.4219,57.3847,Unique geological formation showing seven distinct colors of sand formed by volcanic activity,Open daily 8:30 AM - 5:30 PM. Entrance Rs 250 adults,Morning (8-10 AM) for best light,Combine with Chamarel Waterfall. No touching the sand.
Pamplemousses Botanical Garden,Royal Road,Pamplemousses,-20.1074,57.5808,"Historic garden founded 1770. Famous for giant water lilies, spice plants, and 80+ palm species",Open daily 8:30 AM - 5:30 PM. Entry Rs 200,Early morning or late afternoon,Hire a guide for detailed plant information. Allow 2-3 hours.
Le Morne Brabant,Le Morne Peninsula,Le Morne,-20.4553,57.3136,UNESCO World Heritage Site. Symbol of slave resistance. Stunning views from summit.,Guided hikes available. Moderate to hard difficulty,Start at sunrise (6 AM),Bring 2L water per person. Good hiking shoes essential.
Black River Gorges National Park,Plaine Champagne Road,Black River,-20.4167,57.4833,Largest national park protecting rare endemic species. 60km of hiking trails through native forest.,Free entry. Visitor center open 9 AM - 4 PM,June to September (dry season),Bring binoculars for bird watching. Check weather before hiking.
Grand Bassin (Ganga Talao),Savanne District,Savanne,-20.4167,57.4667,Sacred Hindu lake and pilgrimage site. Largest Shiva statue outside India. Peaceful spiritual atmosphere.,Open daily. Free entry. Dress modestly,Early morning for fewer crowds,Remove shoes before entering temples. Photography allowed.
Casela Nature Park,Royal Road,Cascavelle,-20.3061,57.3947,"Adventure park with safari, zip-lining, quad biking. Walk with lions experience. 4500 birds.",Open 9 AM - 6 PM daily. Tickets from Rs 850,Weekdays less crowded,Book activities in advance. Full day needed for all attractions.
Port Louis Central Market,Queen Street,Port Louis,-20.1644,57.5034,"Vibrant local market selling crafts, spices, fresh produce. Authentic Mauritian experience.",Open Mon-Sat 5 AM - 6 PM. Sunday 5 AM - noon,Morning for fresh produce,Bargaining expected. Try local street food. Watch for pickpockets.
Aapravasi Ghat,Quay Street,Port Louis,-20.1611,57.5003,UNESCO site. Immigration depot where indentured laborers arrived 1849-1923. Important heritage site.,Open Mon-Fri 9 AM - 4 PM. Free entry,Weekday mornings,Take guided tour for full historical context. 30-45 min visit.
Eureka House,Moka Road,Moka,-20.2500,57.5000,Colonial mansion built 1830s. Museum showcasing Creole architecture. Beautiful gardens with waterfall.,Open daily 9 AM - 5 PM. Entry Rs 350,Afternoon (2-4 PM),Lunch available in traditional Creole style. Garden walk takes 30 mins.
La Vanille Nature Park,Riviere des Anguilles,Savanne,-20.5000,57.5667,Crocodile and tortoise park. Over 2000 Nile crocodiles. Giant Aldabra tortoises. Insectarium.,Open daily 9:30 AM - 5 PM. Entry Rs 600,Mid-morning (10 AM),Crocodile feeding at 11 AM daily. Allow 2-3 hours for full visit.
Rochester Falls,Souillac,Savanne,-20.5167,57.5333,Unique rectangular waterfall cascading over basalt rock. Swimming possible in pools below.,Free access. Local guides available,After heavy rain for best flow,Wear water shoes. Path can be slippery. Bring swimwear.
Curious Corner of Chamarel,Chamarel,Chamarel,-20.4200,57.3850,Optical illusions and interactive exhibits. Fun for families. Upside-down house. Mind-bending rooms.,Open daily 9 AM - 5 PM. Entry Rs 400,Afternoon,Great for photos. Kids love it. 1-2 hour visit.
Blue Penny Museum,Caudan Waterfront,Port Louis,-20.1622,57.5011,Houses rare Blue Penny and Red Penny stamps. Maritime history. Art exhibitions.,Open Mon-Sat 10 AM - 5 PM. Entry Rs 250,Weekday mornings,Air-conditioned refuge from heat. Combine with waterfront shopping.
Chateau de Labourdonnais,Mapou,Mapou,-20.0833,57.6333,Restored 1856 mansion. Rum distillery tours. Orchards with tropical fruits. Fine dining restaurant.,Open daily 9 AM - 5 PM. Entry Rs 350,Morning for full experience,Rum tasting included. Book lunch in advance. Beautiful photography.
Mahebourg Naval Museum,Mahebourg,Grand Port,-20.4083,57.7000,Naval battle artifacts from 1810 French-British clash. Housed in colonial mansion. Shipwreck relics.,Open Mon-Sat 9 AM - 4 PM. Free entry,Weekday mornings,Combine with Mahebourg market on Monday. Waterfront walk nearby.
